category,n_items,mean,P20,P50,P90,P99
All_Beauty,112565,6.2322036156887135,1.0,2.0,11.0,73.0
Video_Games,81952,12.202264740335806,1.0,2.0,20.0,178.49000000000524
Books,504564,1.9819091334300505,1.0,1.0,3.0,14.0
Electronics,271211,3.6871660810217874,1.0,1.0,6.0,38.0
