category,n_users,mean,P20,P50,P90,P99
All_Beauty,631986,1.1100372476605493,1.0,1.0,1.0,3.0
Video_Games,448679,2.228764885363478,1.0,1.0,4.0,15.0
Books,165531,6.041164494868031,1.0,2.0,11.0,59.0
Electronics,185242,5.398343788125803,1.0,3.0,12.0,44.0
